{"cameraMode":{"drawMode":0,"name":"Shaded","section":"Shading Mode"},"sceneLighting":false,"audioPlay":false,"sceneViewState":{"showFog":true,"showMaterialUpdate":false,"showSkybox":false,"showFlares":true,"showImageEffects":true,"showParticleSystems":true},"in2DMode":false,"pivot":{"x":-0.7174596786499023,"y":3.583596706390381,"z":0.4496194124221802},"rotation":{"x":-0.17891047894954682,"y":0.7313491702079773,"z":-0.2097562849521637,"w":-0.6237975358963013},"size":5.048946380615234,"orthographic":false}